,index,seq,el_prediction
0,16,AGTACTCTTGCTCCCACACGCTCGCGCCTGGTACGTCTAAGGACGGTGGGCCCTCATGCTCGACTGCGCGCGTTGACGGG,0.991524875164032
1,20,AGTAGCGGCGAAAGAGTCGTGGGTGCGCAGGTCTGCTCGCTTGGGGGGAGCGTGACCGGGAGAGGGGTCACTGTCGGTAC,0.9874637126922607
2,95,AGTGGAATTGTACGGGGCACATCTTAGGCAGGGGTGGATGCGGCTTGAAGCACGCGGCTATGGCTGGGCACGCGGAACTC,0.9859241843223572
3,33,AGTATGTCGTCGCGTGTTGTTTCTAATCTTCGTGGCCTGTGGTGCAAACGTGTGCGGCTCGACGGCTGGAAGCCCGGCAT,0.9850148558616638
4,58,AGTCGCTCGGAACGTTACAGTTCCGGGGTACAAGACGGGTTATTCTTAACCTGCCGGCGCTACTACAGGTCATTCGGGCA,0.9833500385284424
5,87,AGTGCGGGGGTCTAGGTCTCAGGTTAACTAGTGGATGCGGATGCTGCCGGCCGCGGGCGGTCGCGCTTGACGGGAGAATA,0.9832868576049805
6,24,AACATCACAATTTTGTCATGTTATTCGCAGGAATCATTCCGCGCATCTAGGCTTGCACGGGGCACTAGAGATATTACTGG,0.9779536724090576
7,88,AGTGCGTCTAGTCGTTGTCGCGTGGTGGACGTGGGACCTCGGTAGGTATTTGTGTGTTACGTAACGGGAGTATTGGACGC,0.9761176705360413
8,46,AACATGTTTCATGCCTACGTCGTCTTTACATTTAAATTCTATTTGGTGCTGTGTGTTGAAGTGCGCGCTGGCTGTCTCCG,0.973764955997467
9,40,AGTCACTGGCCATTAGCGACGAAGTCTGTTGTCGTGGGTGCGAAGCGCGGGTGACCGCATGCGTTGGGGTGGGCATTAGG,0.9666059017181396
10,84,AGTGCAGCAGGCCAGGGTTGGTTTAGGGCAGGCTATACGGTGCCGATTGCCGCGTCAATATCACCGGCGATGGGGGGGGA,0.964043378829956
11,96,AGTGGCATGTTGTGCTGTGTCGGGTCAGACAGGCATGGTGGTCAGGGCGTCCCGGTAGGGGCAGACCGCCGACTTTTTTA,0.9629300832748413
12,10,AGTACATTTGCAGACTGCAATTACGCCTCTCGAAAACGCCTTTTTCATATCTTTTTCCCCTGTGTTCTGCTCTGCTTGCG,0.9365996718406677
13,22,AGTAGTGTGTACGCAGAACCCGGGCATGATCCTGCGCGACAACTTTCTATCATATGCTAAATTGAACGCGCTTTTTTAGT,0.920732319355011
14,37,AGTATTAACGTGGCCTACTGTTCTTACTGTCCAGCGTCGTGTTTCAAGCACCCTGCGCGTTTGGCCTCACGGGGACGGTG,0.8812679648399353
15,74,AGTCTTGACCGCGGAAAACTAGGTCTTGGTCCTGTCTCAGGAGGATGCCCCCGGAGGAACGATGGTGCCGTTCTTGTGCG,0.8792862296104431
16,60,AGTCGTAAATTTCTGGTAGCCTAATCGGCTCCGACGTGATAGGGGGCATTTGATAATCGCGGGACCTTGTAGGGGTTGGG,0.8703977465629578
17,1,AAAAGCGTAAGTTGCCCCCACGTTTTTCAGCGCTGCTGCGGAAGCGGTGGTTAAGTCGGTCCCCTCTTCGCGATCTTACA,0.8306220173835754
18,83,AGTGATTTCTAGGTCACCTATCGTATCTGCTTCAATGATGTTATGAGCCCGAGGTCGGCGGGCCTGACGCAATAGGCGGA,0.8265795111656189
19,31,AGTATGATGTTGAAAACACGAAGATTGGTCTTTTCGGGGGAAAGCCTTTTGGAGAGATGAGCGGCGCGAGTGTTAGCTGG,0.816704273223877
20,72,AGTCTCGCGTTTGTTTACGGGTGGTTCGCTTGTAATCGATGCGCTTGTATAGTCAGCACGCACTCTGTCTTGAGAGGAGA,0.8149851560592651
21,3,AGTAAAGCTCCGTTTCTTCCAGTTTTAGGGTCTGAATTTCGGACCTTTGGGTGCTCCCGTCACATCACGAGAAGCCATAC,0.6972401738166809
22,36,AGTATGTGGGTGGGGAGGTCAGTGTGAGGGGAGCGTGGGGATCTATGGGCGGCGAATCCATACGTTGGAGCAGGCGCATT,0.5549354553222656
23,78,AGTGACGTCTTGTGACCCCACTGTCATAAGCGTTATTGTTTCCATTCTCTTTGGCGGTATGCTCCCCGTTAGGCCCCTAC,0.5518925189971924
24,66,AGTCTAGGCTGGGGCGCCAGAAGGGCATGGTTTTGACGATGGGGTAACGCAGGCACGCATCACGGTGGCTCGTAAAGGCG,0.5224401354789734
25,5,AGTAACCACCGGGTTCTAGTGCCTGCAATGTTTATATCTGTGGGTTCAAGAGGGATGCGTATGCTCGGCTAGCTCCCGCG,0.5207737684249878
26,45,AGTCATCTAGACTTTAATGCTTCGTTTGGCGGTTTAGCCCAATGAACCTCATTCATTTAAGCTTTTGTGGACCCCACGCG,0.5074957609176636
27,57,AACATTGTCTGATGATTCGAGTATACCAAGTTCGTGAAAGGTGAGGCCTGCTGGCGCGCGAAGCATGATGCTGGATCGAG,0.4858974814414978
28,35,AACATGTCTCACCGTAGGCGTAAGCAACGCCAGCACACACAGTTGCATAGGAGTGGCGTACGAGTCCAGGCGCCCGGGTT,0.44518011808395386
29,56,AGTCGCCGTAGATTCAAATGCTAGCAACGGGGTATGTCCCGTTAGGTATTCTGGCGGGGTGCGTTTGAAAGTAACACATC,0.4217831790447235
30,91,AGTGCTAATATATTTAAAAGAGTTAGGATCTGTGCCTACTTGGAGGGACAGGGTAATAAGGGTGCCGCGGTTCAGGTCTG,0.3956243395805359
31,8,AGTAATTCTGGTTCGCCCCTGTGGGATGGTATCAAAAGAAGGATGGTCTTCGGTAACTTGCGAGGCCCGCACTTCATATA,0.3930990397930145
32,42,AGTCAGACGATAGCCGAAGTTATAATTGCGTATGTTGTGTTGTGGATAACGCTACTCCGGTTTTTGTTAGCGTGGCGTGG,0.38028430938720703
33,93,AGTGCTTAGGAGCGGGGTTTAGGGGCGCTGCGTCTGGTATCCTATGCTCGCTACATTACCTCGGCTAATGAAGCTGATAT,0.3696761131286621
34,73,AGTCTGGTATTTTAGAAAATGAAGGGTTAGAGAACATCCGGTCTATATCGGCTCGGAAGAAATCGTTTGTGCCGCCGTGT,0.35482504963874817
35,67,AGTCTAGTTTCATGGCTTGCGGGCTAAGTGTGGAATTGTTGTAGTTGCGGTTGACGGTGGGCACTAGGGGCGGGGTGGGC,0.3508216440677643
36,7,AGTAAGAGGCCTGGATAAACCTGTCGGATAAGATTCGTCTACAAATATGGGCGGGTTCGGACCCGGCGTAAGGTTCGTCA,0.3499867916107178
37,41,AGTCAGAACCTTGCGTGCTTTCTCGATTCGGTACCTTTGCGGGGCATCTTAAATCCCTTATCTACTCGGCTTTCATAAAC,0.33811259269714355
38,48,AGTCCACTAAGGAATTCCGGCTTCCAACGGATAGTTCGGCGTACTAGCGTCCGATGGGGATAGGCGGCAAATGGTTCATT,0.3082103431224823
39,92,AGTGCTGGATCAGTGATTGTGCCGGCCAGTGCCCAGGGCCTGTCAGAATAGAGAAGATGGAACGCGTAAGTCGAGACCGG,0.30347713828086853
40,15,AGTACTCCCGAAGAGTACGTTATGTGTGGACTTGACCGCCTGGGGGGTGGCGTAGTAGTCTCCGCTGTGGGCGCTGGTAT,0.30295974016189575
41,63,AGTCGTTTTCACAATGTAAGCGGCCTCAGGGTGAATTCTGATTACGGAGTGGCCTTGCTCGGTCAGCACGGTGGGTATGA,0.30221301317214966
42,80,AGTGACTAAAATCAGTATGACATTTGCAATGTTGATAGCTTTCATCCGTTTCCGGAGGGTGTGATACGCCCCGATGGTTA,0.2895020842552185
43,2,AACAGTGTGGCGCTGTGTGGTTTCGAGGGGACGGCACGGGGATGAACCCGACTCTAATAGGTCATGCACATCCACATCCT,0.2511945068836212
44,11,AGTACCAGCTTGTAGGGGGAGATTTTACGAGGTTGGTCTTTGTTCAGAGTCTATGTTTAGGTGACAGAGCGGGTTCGGAG,0.21595874428749084
45,0,AAAAAGCGTCCCATAACCCATTATGGCTGTTATGATAGTATCAGTCGGGGGATCTTAGCGTGTAGGCCTTGGACGTCGGG,0.21171347796916962
46,50,AGTCCCTCCATCTACCATCAAAAAGTTGCGTGGACTGTATGCGCTGATCACCGTGGGCAGCTGTTGGCAGTTGGCGGCTT,0.19910144805908203
47,77,AGTGACCAAGGCTCACGCCGGTCTGGTCGGATACAGGGTAGACGTTGACCTCTCGCCACGGAATAAGTAGACTACGCCCT,0.19268542528152466
48,94,AGTGGAACTCCTAGATTTAAGGGAGAGTGTTTAACGCGGCAAAAGTAACTACTTTGTCGCGTCATCTAAGAACCGGTCGA,0.18981477618217468
49,29,AGTATCGGTGAGTTTATTAAGGTTTTACTCTAATGTGGGGGACTAACTGCATATTGCCGAACGGCTAGTACGTAATTCCG,0.1860022097826004
50,71,AGTCTCATTCCTATTTCTACGAGAGATGTTTATATCCGTGGATCGTAAACCCAGATCTGTCTTTCGTCACTGGCGAAGGG,0.1838849037885666
51,98,AGTGTACGTGTCAGGCGTTTCTCCCAATGAGACTGGATTGTGGAAGCCCAAGGGCTCTGCATCTCTCCGTGAATTTATTG,0.17493917047977448
52,76,AGTGAAGGATAGGGATAACGTGGCCTTCATTTGTCTGTGTGTGGCCTTGGTTTGGTCTTGTTTTAAGTCGGGACGTGAGA,0.16475652158260345
53,34,AGTATGTGCAAGGTACATATTCGCGTAGCTCGTGATCGTTATGGTGACCACGCCATCTGGTATGGCCAGCCTTTTTTGTT,0.16433148086071014
54,53,AGTCGACACATGGTGGGTTGTGAACGGGCTATACCTAAGGGGGGGCGGTCGGTCCACCGGTTTAGGGGTCACCATTATGA,0.14949750900268555
55,49,AGTCCATTTACTAAATGTATTTCTCTACGCTCTCGGCGTGTCGTAGCCTAGACGTCTGTGGTTGTTATTAGGGAAAATTT,0.14575393497943878
56,39,AGTCACCGCCATTGGTTTTAGTTTGCGAACTCATAGCGGCGGCAGATCTTAACAGGCTCATTGCCTTCCTTGGGAAAAGG,0.14007940888404846
57,54,AGTCGAGGGTCGGTGTTCTAAGTAATGTTTTGATGGCTATCCACTGTAGTGGAATTCTCGCCCGTTGTGACATGTTTTAA,0.13415299355983734
58,9,AGTACAATACATGTACTAGGCCTTTTAGTTTAGTCAGTGACATATCTTGCTTGGCGTCCCCTGGCTTGCAGACATCCCGG,0.12784473598003387
59,38,AGTATTCATGGATTCACCGGAAGAAGTGCAACGCCATGTGGCAGACAAGAATATGCTGTGCCCCAGAATTACCCGGCTTC,0.12208018451929092
60,19,AGTAGATGCGCCTTTTATTTCTCGGTAGGACTAAGAGGAAGGTCGCCAAGAAGTAGGTGCCAAGGTGCGGAGCATTACCA,0.1214873194694519
61,21,AGTAGTAGTATCAAAGGTTATATATACACGTAGTTTGTATAACAGAGTCGGATGACCTTAGCTTTAAAGGCCCAGCGGGG,0.12047477066516876
62,68,AACATTTGGGTGCGCATTGTATGACGCAAGGCGTGAGCCTAATATCGCTTGAGCAGGAACTTATTGTTGGCATAAGAACG,0.11630254983901978
63,13,AACAGTTTCTTCGCCTTATTTACTTAGTCTAAATGTATCTCTCACGGAGGTGTTTATCTCCAGGGCAGTCAGTCGTTTCA,0.11598745733499527
64,82,AGTGAGCTGACGGTCGTCGGTCCCATATGTGAACATGGTGACACTTACCCGCTCAGGGGGCGAAGGTTAAGCGGTTATCT,0.11508224159479141
65,14,AGTACTAGTATCACGGACCTCCCATGGGTAAACAGTTGGCTGTCGACTGGCGGCGGATCCTAAGCTAGGGTTTGGCATCC,0.11291401833295822
66,89,AGTGCTAAAGCTGTAAATGCCTGGAATCGCAGGAAATGGTAGTATCTTATCCGAGAGTCGCACGCATAGGAGACACATAC,0.11158140748739243
67,59,AGTCGGGTGACGGCCTCGCCTTGTTGTGCGTCACTTCCACAGCTACACTAGTTGATAAACAGTGTGGGCCAGTTGAATCA,0.11027034372091293
68,97,AGTGTACCGGCTGTATTTAAGGACCTTGTGAGCAAGTTCAAGGGGTTGATGAGCACAGCGCCTAGGTACGTCAAGATAAA,0.10704441368579865
69,75,AGTCTTTGGCGATCGTCGCCCCTATAGGTTGCTAAGAGGTACTGGATATTATGCAGAGTACGCCCTTCGAAATGGAGTCA,0.10630883276462555
70,79,AACCAATTTGGTTGTAATCGTTGGCTTTCCATATGGTGTTCACCATTGTACGACAGAAGCATCCTGGAGGGTCGAAGATG,0.10572507232427597
71,62,AGTCGTGTGATGTTGGTTGGATGGGGCGATGAAGTGGAAGGTCAGACGGTCGTTACGGTTAGGGTGAAGCCTGGAGGCAT,0.1038869097828865
72,90,AACCACACTATAGGCGCCATGACAGGGGTATGATCGAGGTGAGTATACGGGCAAGCCGGTATGGCAGGTCGTTAGGACTT,0.10305316001176834
73,32,AGTATGTCAAAATTGTTAGGAATCATTGACGCGCAGTGCTAGTGGTTTGTGATGTATGCCCATGGTGTGGCTCGGTCCTG,0.10193484276533127
74,25,AGTATAGGAGTAAAACTTGTACATGAGTTTACTCATTAATTGTCTTTTATTTGGAGGTGATTTGGGGGGAGGGTTTGATT,0.09159629046916962
75,99,AGTGTAGAAGAGTCTACCGGGTACCTCGTTAATCAAACAGGCCACTTGACTATTCGAGTCATATGGTTGGTAAGGAGTTT,0.08887200057506561
76,12,AGTACCGTAGCGGCATAGTCTCGGTTGAGGTCACATTTAGCTCTGCGTCACAAAAACACGCTAAGGTGGGCTTATCTGGG,0.08522189408540726
77,85,AGTGCATCATAGGCCATCTAAAGGTGAAACTGATTTTTCGTATGTATACTAGACATTGGCTGGGATACGGACGTCAGGAG,0.08020506799221039
78,28,AGTATCCCGTCTGACGTTCAGGGTTTAGAGGAAGGGTTGGGGCGGGAAGTGAGACCTTTACGACGTTTCTATGACACCCA,0.0784081220626831
79,27,AGTATATTAGGGGATTTTTTAACGTACTTTGATCAAGTGACTCATCTTTCTTTATGGCCTGAAGTCTTAGAGTCTTTGAC,0.07615266740322113
80,51,AGTCCGAGCTAGACTACGCTTTAAATTTGGATCAAGTTCTCGAAGTTTTTGCATTCGTTATATATCGAAAAGGTATTAGT,0.07532580941915512
81,64,AGTCTACTCACAGCTATGGGCCCTAACCGGTAAGGTCAGGTTCGCCTATTTGGGTTTTCGATATCCCTGTGAAGGTTTGA,0.07397869229316711
82,69,AGTCTATAATAAGGGTATCTTGCACGTCCGCGTTTGCTCATAGTGGGCTCTTTCTGCCTCCCAATCTAGGAGAATGCAGT,0.07370220869779587
83,6,AGTAACGGGCACAGGTGCTGCCAACATTTCTGTTTATACAAGCAGCTATGGTGCCTGTATAAGGGGTCGAAGTCGGATGG,0.0730070024728775
84,18,AGTAGATGATCTTCGCAAGTTGACTTATTCGCTGTTTTGGATTTGAGTCTTATGTTATTACATGGAGGATAACCTATGCC,0.07129386812448502
85,47,AGTCCAAAGAGGTTCCCAGTACTGGAAAAGGGTTAGATGGGTTGAGAGGATCTTCCGTGAGTAAATCGCATTAAAAAGGA,0.07095889002084732
86,30,AGTATCTGAAAGGTACGTGTTCTAGTTTAATTGGACATGCCCGAGTCTTAGGCAAGACACTGCCTGTTTAGCGGCTAAGG,0.06877359002828598
87,55,AGTCGATTTAGCCCTTCATCGTTCCAAGTGCGATTATGAGACGAAATGTTGCCATGCATTGGTAAGTGTTTCGGAAGTTA,0.06276372075080872
88,17,AGTAGAGGGTAATTCGTGGTAGTTCAACCTTGGTAGGGAGCCGTCAAAATTCAAGGGGACGCTGGTATCTGGCTCATGCA,0.061305224895477295
89,61,AGTCGTGGTTCACCCTGACCTGCAAAGAGTATGGATCGGGAGTAACGCTATGGTCTGGTTGGTAGAGATGGGGTCATGGC,0.057640668004751205
90,86,AGTGCCCTGTCTTGCTTGTTGGGCGAATATAATCTTTTTCGTGCACATTGTGTAATGGATATATCATCAAGAGTTTGGAA,0.05573117733001709
91,26,AGTATAGGCATCTCGTCTCCGGTTTTAGTACGTGTGGAATTGTATTCTGCGTAATCTAAGGGGGCAGGGAAAGTTCACTA,0.05375606566667557
92,52,AGTCCGTTGATGTGTGTGCCTGTAATTTCGTTCACCATAGGACACAATCGACTCGTGGCATTGTTTCGGTTTAATCCATT,0.05281137675046921
93,44,AGTCAGTGTTAGTGTTAGACGCTGAGCGGTTCTACAGGCTCGGTAAAACTTGATCTGTGAAATGGTAGCATTGTGATACA,0.05194994434714317
94,23,AGTAGTTCATTTGGTGTTAAGATTGGCATATAGCTCAGTTCATTGGGGTGGAGTCGGTATGGAGGGCTCATAACTCGTAA,0.049142852425575256
95,43,AGTCAGGAAAGACGCAGTCAGTTTGATTCCGTATGATACAATTGTGATGCGCTATACATTTTGTGACTTTGGTTGCTCTG,0.048994824290275574
96,81,AGTGACTAAGAGTGTTCTGGTAGGTTTATTGTAACCCTAAGGATTTTCCTAACAATAGTAGTGGGGGTAGTGTACCGTAA,0.04539922997355461
97,4,AGTAAATCCTTATTTGACGATTACACACTTAACTAGCACCCCTCTTACAAGAGTCTGTTCAGTAGCTGAACAGCGCTGGT,0.04309849813580513
98,70,AGTCTCAAATTCATCGCGTTACGGAATCGGCCAGTGGTGCATTGTGTATTGGAATCTATTCCCTTATATAATCCTACCAA,0.03612091392278671
99,65,AGTCTAGATTATTGTCACTTCTGAGGTGGTATAGCGATCCTAGCTGTAGGGTTAACAATCAAATTAGGCTCATCTCCAGC,0.03500427305698395
